{"indexes":[{"v":{"$numberInt":"2"},"key":{"_id":{"$numberInt":"1"}},"name":"_id_"},{"v":{"$numberInt":"2"},"key":{"promoCode":{"$numberInt":"1"}},"name":"promoCode_1","background":true,"unique":true},{"v":{"$numberInt":"2"},"key":{"phoneNumber":{"$numberInt":"1"}},"name":"phoneNumber_1","background":true},{"v":{"$numberInt":"2"},"key":{"promoCode":{"$numberInt":"1"},"phoneNumber":{"$numberInt":"1"}},"name":"promoCode_1_phoneNumber_1","background":true},{"v":{"$numberInt":"2"},"key":{"promoCode":{"$numberInt":"1"},"phoneNumber":{"$numberInt":"1"},"isUsed":{"$numberInt":"1"}},"name":"promoCode_1_phoneNumber_1_isUsed_1","background":true}],"uuid":"675ee11140494920beccb6dadb577a3c","collectionName":"purchased-vouchers","type":"collection"}